year,energy_mwh,revenue_market_pln,cfd_payment_pln,capacity_rev_pln,balancing_rev_pln,fuel_cost_pln,co2_cost_pln,co2_t,vom_cost_pln,start_cost_pln,cycling_cost_pln,fund_cost_pln,fom_multiplier,capture_price,x_starts,x_running_hours,x_price_mean,x_gas_mean,x_eua,x_srmc_full
2031,83043.79200000002,47478937.21533594,0.0,0.0,720000.0,20276421.18857143,13248281.728852704,37239.62472000088,2076094.8000000003,538708.3199999972,0.0,0.0,1.0,571.7337331529361,"{'engine1': {'hot': 49, 'warm': 209, 'cold': 35}, 'engine2': {'hot': 49, 'warm': 209, 'cold': 35}, 'engine3': {'hot': 49, 'warm': 209, 'cold': 35}, 'engine4': {'hot': 49, 'warm': 209, 'cold': 35}}","[1278.0, 1278.0, 1278.0, 1278.0]",316.0,110.04821917808219,357.7906,429.0466967512937
2032,75865.68000000001,43790921.93063332,0.0,0.0,720000.0,18521800.81714286,12398456.832511107,34030.68956571513,1896642.0000000002,516636.71999999904,0.0,0.0,1.0,577.2164953986219,"{'engine1': {'hot': 40, 'warm': 205, 'cold': 36}, 'engine2': {'hot': 40, 'warm': 205, 'cold': 36}, 'engine3': {'hot': 40, 'warm': 205, 'cold': 36}, 'engine4': {'hot': 40, 'warm': 205, 'cold': 36}}","[1169.0, 1169.0, 1169.0, 1169.0]",312.0,110.04821917808219,366.5172,432.9368211068493
2033,68379.55200000001,39973563.67297115,0.0,0.0,720000.0,16702386.54857143,11439973.427255768,30676.703417143406,1709488.8000000003,483877.7999999996,0.0,0.0,1.0,584.5835853526964,"{'engine1': {'hot': 33, 'warm': 195, 'cold': 35}, 'engine2': {'hot': 33, 'warm': 195, 'cold': 35}, 'engine3': {'hot': 33, 'warm': 195, 'cold': 35}, 'engine4': {'hot': 33, 'warm': 195, 'cold': 35}}","[1041.0, 1041.0, 1041.0, 1041.0]",308.0,110.04821917808219,375.24379999999996,436.82694546240486
2034,61556.32800000001,36448324.96819907,0.0,0.0,720000.0,15032622.565714287,10538200.832817053,27620.831794286223,1538908.2000000002,447205.3199999999,0.0,0.0,1.0,592.1133724578091,"{'engine1': {'hot': 24, 'warm': 183, 'cold': 36}, 'engine2': {'hot': 24, 'warm': 183, 'cold': 36}, 'engine3': {'hot': 24, 'warm': 183, 'cold': 36}, 'engine4': {'hot': 24, 'warm': 183, 'cold': 36}}","[940.0, 940.0, 940.0, 940.0]",304.0,110.04821917808219,383.9704,440.7170698179604
2035,55503.14400000001,33246609.3064888,0.0,0.0,720000.0,13528362.445714287,9716889.492110778,24905.028754286177,1387578.6,410342.75999999937,0.0,0.0,1.0,599.0040727510643,"{'engine1': {'hot': 20, 'warm': 161, 'cold': 42}, 'engine2': {'hot': 20, 'warm': 161, 'cold': 42}, 'engine3': {'hot': 20, 'warm': 161, 'cold': 42}, 'engine4': {'hot': 20, 'warm': 161, 'cold': 42}}","[837.0, 837.0, 837.0, 837.0]",300.0,110.04821917808219,392.697,444.60719417351595
2036,54103.68000000001,32410112.441578828,0.0,0.0,720000.0,13192923.66857143,9471989.214101007,24279.94769142903,1352592.0000000002,406658.8799999994,0.0,0.0,1.0,599.0371161735916,"{'engine1': {'hot': 20, 'warm': 159, 'cold': 42}, 'engine2': {'hot': 20, 'warm': 159, 'cold': 42}, 'engine3': {'hot': 20, 'warm': 159, 'cold': 42}, 'engine4': {'hot': 20, 'warm': 159, 'cold': 42}}","[817.0, 817.0, 817.0, 817.0]",298.0,110.04821917808219,392.697,444.60719417351595
2037,52637.25600000001,31538676.782809295,0.0,0.0,720000.0,12834669.06857143,9215367.213383075,23623.573028571882,1315931.4000000001,399302.9999999995,0.0,0.0,1.0,599.1702299756904,"{'engine1': {'hot': 19, 'warm': 157, 'cold': 41}, 'engine2': {'hot': 19, 'warm': 157, 'cold': 41}, 'engine3': {'hot': 19, 'warm': 157, 'cold': 41}, 'engine4': {'hot': 19, 'warm': 157, 'cold': 41}}","[796.0, 796.0, 796.0, 796.0]",296.0,110.04821917808219,392.697,444.60719417351595
2038,51565.89600000001,30838965.526675735,0.0,0.0,720000.0,12567870.668571427,9027819.650052516,23142.373748571874,1289147.4000000001,390119.0399999995,0.0,0.0,1.0,598.0496397594978,"{'engine1': {'hot': 16, 'warm': 153, 'cold': 43}, 'engine2': {'hot': 16, 'warm': 153, 'cold': 43}, 'engine3': {'hot': 16, 'warm': 153, 'cold': 43}, 'engine4': {'hot': 16, 'warm': 153, 'cold': 43}}","[780.0, 780.0, 780.0, 780.0]",294.0,110.04821917808219,392.697,444.60719417351595
2039,49965.55200000001,29899961.069538984,0.0,0.0,720000.0,12163312.165714286,8747754.203918265,22425.57836571472,1249138.8000000003,380871.72,0.0,0.0,1.0,598.4115029798726,"{'engine1': {'hot': 16, 'warm': 146, 'cold': 45}, 'engine2': {'hot': 16, 'warm': 146, 'cold': 45}, 'engine3': {'hot': 16, 'warm': 146, 'cold': 45}, 'engine4': {'hot': 16, 'warm': 146, 'cold': 45}}","[757.0, 757.0, 757.0, 757.0]",292.0,110.04821917808219,392.697,444.60719417351595
2040,48820.53600000001,29193480.76085765,0.0,0.0,720000.0,11892047.64,8547229.019017955,21912.775988571855,1220513.4000000001,375407.2800000002,0.0,0.0,1.0,597.9754249494033,"{'engine1': {'hot': 15, 'warm': 144, 'cold': 45}, 'engine2': {'hot': 15, 'warm': 144, 'cold': 45}, 'engine3': {'hot': 15, 'warm': 144, 'cold': 45}, 'engine4': {'hot': 15, 'warm': 144, 'cold': 45}}","[739.0, 739.0, 739.0, 739.0]",290.0,110.04821917808219,392.697,444.60719417351595
2041,47682.21600000001,28579465.163671456,0.0,0.0,720000.0,11611009.080000002,8347959.732979235,21402.449588571482,1192055.4000000001,368075.1600000005,0.0,0.0,1.0,599.3736776762106,"{'engine1': {'hot': 14, 'warm': 141, 'cold': 45}, 'engine2': {'hot': 14, 'warm': 141, 'cold': 45}, 'engine3': {'hot': 14, 'warm': 141, 'cold': 45}, 'engine4': {'hot': 14, 'warm': 141, 'cold': 45}}","[722.0, 722.0, 722.0, 722.0]",289.0,110.04821917808219,392.697,444.60719417351595
2042,46784.95200000002,28076441.494145446,0.0,0.0,720000.0,11386019.22857143,8190553.742326802,21000.894240000056,1169623.8000000005,366199.56000000046,0.0,0.0,1.0,600.1169242226739,"{'engine1': {'hot': 15, 'warm': 137, 'cold': 47}, 'engine2': {'hot': 15, 'warm': 137, 'cold': 47}, 'engine3': {'hot': 15, 'warm': 137, 'cold': 47}, 'engine4': {'hot': 15, 'warm': 137, 'cold': 47}}","[705.0, 705.0, 705.0, 705.0]",288.0,110.04821917808219,392.697,444.60719417351595
2043,46108.65600000001,27678353.88712225,0.0,0.0,720000.0,11222234.005714286,8072080.616383612,20697.758982857194,1152716.4000000001,362495.88000000047,0.0,0.0,1.0,600.28541901378,"{'engine1': {'hot': 14, 'warm': 136, 'cold': 47}, 'engine2': {'hot': 14, 'warm': 136, 'cold': 47}, 'engine3': {'hot': 14, 'warm': 136, 'cold': 47}, 'engine4': {'hot': 14, 'warm': 136, 'cold': 47}}","[694.0, 694.0, 694.0, 694.0]",287.0,110.04821917808219,392.697,444.60719417351595
2044,45572.97600000001,27337914.95942238,0.0,0.0,720000.0,11086870.645714287,7978306.834718332,20457.520422857197,1139324.4000000001,358780.3200000004,0.0,0.0,1.0,599.8711815401824,"{'engine1': {'hot': 14, 'warm': 134, 'cold': 47}, 'engine2': {'hot': 14, 'warm': 134, 'cold': 47}, 'engine3': {'hot': 14, 'warm': 134, 'cold': 47}, 'engine4': {'hot': 14, 'warm': 134, 'cold': 47}}","[686.0, 686.0, 686.0, 686.0]",286.0,110.04821917808219,392.697,444.60719417351595
2045,44970.33600000001,26969358.030838266,0.0,0.0,720000.0,10935957.685714286,7872811.330344893,20187.432582857193,1124258.4000000004,355104.3600000004,0.0,0.0,1.0,599.7143990838374,"{'engine1': {'hot': 14, 'warm': 132, 'cold': 47}, 'engine2': {'hot': 14, 'warm': 132, 'cold': 47}, 'engine3': {'hot': 14, 'warm': 132, 'cold': 47}, 'engine4': {'hot': 14, 'warm': 132, 'cold': 47}}","[677.0, 677.0, 677.0, 677.0]",285.0,110.04821917808219,392.697,444.60719417351595
2046,43939.15200000002,26402086.486367002,0.0,0.0,720000.0,10672853.777142856,7691961.894276138,19724.734354285763,1098478.8000000005,349580.5200000003,0.0,0.0,1.0,600.8783803193787,"{'engine1': {'hot': 14, 'warm': 129, 'cold': 47}, 'engine2': {'hot': 14, 'warm': 129, 'cold': 47}, 'engine3': {'hot': 14, 'warm': 129, 'cold': 47}, 'engine4': {'hot': 14, 'warm': 129, 'cold': 47}}","[658.0, 658.0, 658.0, 658.0]",284.0,110.04821917808219,392.697,444.60719417351595
2047,43403.47200000001,26072633.86475343,0.0,0.0,720000.0,10543382.897142857,7598188.112610858,19485.217954285767,1085086.8000000003,347784.12000000034,0.0,0.0,1.0,600.7038760575058,"{'engine1': {'hot': 14, 'warm': 128, 'cold': 47}, 'engine2': {'hot': 14, 'warm': 128, 'cold': 47}, 'engine3': {'hot': 14, 'warm': 128, 'cold': 47}, 'engine4': {'hot': 14, 'warm': 128, 'cold': 47}}","[650.0, 650.0, 650.0, 650.0]",283.0,110.04821917808219,392.697,444.60719417351595
2048,42800.83200000001,25713855.84355277,0.0,0.0,720000.0,10397380.337142859,7492692.608237418,19215.852274285764,1070020.8000000003,345963.96000000037,0.0,0.0,1.0,600.7793456807747,"{'engine1': {'hot': 14, 'warm': 127, 'cold': 47}, 'engine2': {'hot': 14, 'warm': 127, 'cold': 47}, 'engine3': {'hot': 14, 'warm': 127, 'cold': 47}, 'engine4': {'hot': 14, 'warm': 127, 'cold': 47}}","[641.0, 641.0, 641.0, 641.0]",281.99999999999994,110.04821917808219,392.697,444.60719417351595
2049,42265.152,25388344.712576613,0.0,0.0,720000.0,10272165.137142858,7398918.826572138,18975.61371428577,1056628.8,342311.7600000003,0.0,0.0,1.0,600.6921426090366,"{'engine1': {'hot': 14, 'warm': 126, 'cold': 46}, 'engine2': {'hot': 14, 'warm': 126, 'cold': 46}, 'engine3': {'hot': 14, 'warm': 126, 'cold': 46}, 'engine4': {'hot': 14, 'warm': 126, 'cold': 46}}","[633.0, 633.0, 633.0, 633.0]",281.0,110.04821917808219,392.697,444.60719417351595
2050,41662.512,25029152.350831226,0.0,0.0,720000.0,10127472.017142858,7293423.322198698,18704.80371428576,1041562.8,336847.32000000024,0.0,0.0,1.0,600.759559357132,"{'engine1': {'hot': 14, 'warm': 123, 'cold': 46}, 'engine2': {'hot': 14, 'warm': 123, 'cold': 46}, 'engine3': {'hot': 14, 'warm': 123, 'cold': 46}, 'engine4': {'hot': 14, 'warm': 123, 'cold': 46}}","[624.0, 624.0, 624.0, 624.0]",280.0,110.04821917808219,392.697,444.60719417351595
2051,41729.47200000001,25061024.51138913,0.0,0.0,720000.0,10144658.417142857,7305145.044906858,18734.652994285763,1043236.8000000003,336847.32000000024,0.0,0.0,1.0,600.5593483519064,"{'engine1': {'hot': 14, 'warm': 123, 'cold': 46}, 'engine2': {'hot': 14, 'warm': 123, 'cold': 46}, 'engine3': {'hot': 14, 'warm': 123, 'cold': 46}, 'engine4': {'hot': 14, 'warm': 123, 'cold': 46}}","[625.0, 625.0, 625.0, 625.0]",280.0,110.04821917808219,392.697,444.60719417351595
2052,41729.47200000001,25062325.03446211,0.0,0.0,720000.0,10144658.417142857,7305145.044906858,18734.652994285763,1043236.8000000003,336847.32000000024,0.0,0.0,1.0,600.590513928911,"{'engine1': {'hot': 14, 'warm': 123, 'cold': 46}, 'engine2': {'hot': 14, 'warm': 123, 'cold': 46}, 'engine3': {'hot': 14, 'warm': 123, 'cold': 46}, 'engine4': {'hot': 14, 'warm': 123, 'cold': 46}}","[625.0, 625.0, 625.0, 625.0]",280.0,110.04821917808219,392.697,444.60719417351595
2053,41662.512,25032564.072630927,0.0,0.0,720000.0,10126980.97714286,7293423.322198698,18704.80371428576,1041562.8,336847.32000000024,0.0,0.0,1.0,600.8414488456896,"{'engine1': {'hot': 14, 'warm': 123, 'cold': 46}, 'engine2': {'hot': 14, 'warm': 123, 'cold': 46}, 'engine3': {'hot': 14, 'warm': 123, 'cold': 46}, 'engine4': {'hot': 14, 'warm': 123, 'cold': 46}}","[624.0, 624.0, 624.0, 624.0]",280.0,110.04821917808219,392.697,444.60719417351595
2054,41662.512,25033878.642903402,0.0,0.0,720000.0,10126980.97714286,7293423.322198698,18704.80371428576,1041562.8,336847.32000000024,0.0,0.0,1.0,600.873001678425,"{'engine1': {'hot': 14, 'warm': 123, 'cold': 46}, 'engine2': {'hot': 14, 'warm': 123, 'cold': 46}, 'engine3': {'hot': 14, 'warm': 123, 'cold': 46}, 'engine4': {'hot': 14, 'warm': 123, 'cold': 46}}","[624.0, 624.0, 624.0, 624.0]",280.0,110.04821917808219,392.697,444.60719417351595
2055,41729.47200000001,25067633.072523013,0.0,0.0,720000.0,10144167.377142858,7305145.044906858,18735.375154285764,1043236.8000000003,338703.1200000003,0.0,0.0,1.0,600.7177151084732,"{'engine1': {'hot': 14, 'warm': 123, 'cold': 47}, 'engine2': {'hot': 14, 'warm': 123, 'cold': 47}, 'engine3': {'hot': 14, 'warm': 123, 'cold': 47}, 'engine4': {'hot': 14, 'warm': 123, 'cold': 47}}","[625.0, 625.0, 625.0, 625.0]",280.0,110.04821917808219,392.697,444.60719417351595
