name,net_mw,overnight_mpln,capex_total_mpln,wacc_real,npv_project_posttax_mpln,npv_project_pretax_mpln,npv_at_common_rate_mpln,irr_project_posttax,irr_project_pretax,lcoe_pln_per_mwh,lcoe_ex_co2_pln_per_mwh,lcoe_capex_component,lcoe_post_tax_pln_per_mwh,levelised_revenue_pln_per_mwh,energy_twh_life,avg_capacity_factor,avg_capture_price,cfd_payments_total_mpln,cfd_payments_pv_mpln,co2_mt_life,local_revenue_total_mpln,local_revenue_avg_op_year_mpln,local_property_tax_host_avg_mpln,state_cit_total_mpln,state_eua_total_mpln,payback_year,equity_irr,min_dscr,strike_pln,fixed_price_pln,scenario,case,required_premium_pln_per_mwh,required_capacity_payment_pln_per_kw_yr,required_capacity_payment_15yr_pln_per_kw_yr
SMR CfD,285.0,7980.0,8790.0,0.04,6476.217974917988,8625.629383918256,986.4850766010213,0.07909459383392621,0.08803355438694412,294.96851560887546,294.96851560887546,174.6521305759555,340.2478003571709,476.67515742360234,140.640764025,0.938881972983257,285.5778290879695,20818.034426748643,9056.211015747209,0.0,2814.781839435169,46.75417861179826,6.384000000000001,6722.30763729365,0.0,2045.0,,,501.7795,483.3916060216895,S1a_smr_cfd,low,-166.17557619947777,-1375.6308223485335,-2799.10826168389
SMR fixed price,285.0,7980.0,8790.0,0.04,6824.8448858937445,9056.032977715486,823.6056163502863,0.07717935560853921,0.08540505945374945,293.6603101886616,293.6603101886616,173.69801577087733,340.40552511337023,483.3916060216894,142.54498439999998,0.9515940639269406,483.39160602168965,0.0,0.0,0.0,3251.2494645380243,54.02863903017919,6.384000000000001,8203.17993674977,0.0,2046.0,,,501.7795,483.3916060216895,S1b_smr_fixed_spotavg,low,-172.37220145903348,-1434.4517765112862,-2918.796055881464
SMR merchant baseload,285.0,7980.0,8790.0,0.06,-3105.2190052296605,-2737.868361010347,-3724.2817305238805,0.032729890211439426,0.03743617010497661,370.21841185879987,370.21841185879987,250.57876264866968,381.6342297180996,285.13619674942856,142.54498439999998,0.9515940639269406,281.1006432388999,0.0,0.0,0.0,1742.598235905004,28.88445188629552,6.384000000000001,3084.5418396020204,0.0,2058.0,,,501.7795,483.3916060216895,S1c_smr_merchant_baseload,low,111.20169120276145,925.2394368317559,1539.6217999832797
SMR dynamic (50–100 %),285.0,7980.0,8790.0,0.06,-3029.2692388687597,-2653.825689737755,-3659.636269455863,0.03347235664279484,0.03819850699633709,382.7341479786933,382.7341479786933,260.2776190592465,394.85305453254546,297.0715613699086,137.14581615000003,0.9155505898021309,293.0845394951153,0.0,0.0,0.0,1759.9277349717559,29.17327687074139,6.384000000000001,3143.338354292786,0.0,2058.0,,,501.7795,483.3916060216895,S2_smr_dynamic,low,112.77510276522133,903.4207307947273,1503.3149218663405
"CCGT 1+1 F-class, ~300 MW",300.0,1440.0,1545.0,0.06,-1528.0070014844396,-1528.0070014844396,-1498.8960562969523,,,739.619597270679,599.1911356110833,257.13805130475527,739.619597270679,471.08474531256337,12.18267,0.15452397260273973,477.8140002665569,0.0,0.0,4.735098078545434,139.13431875448208,4.5912140251494025,4.3199999999999985,0.0,1726.9008882822607,,,,501.7795,,S3a_gas_ccgt,low,295.6470979811093,457.74503830823005,648.7460495193058
OCGT frame peaker,300.0,600.0,705.0,0.06,-726.4484480141014,-726.4484480141014,-715.9095317988781,,,1449.319947119914,1234.6453891721583,625.1509071012073,1449.319947119914,786.3876320161796,2.3454135,0.029749029680365295,752.255721118157,0.0,0.0,1.3457811963571435,48.07429520199203,1.5605395667330682,1.4399999999999997,0.0,507.8514856989169,,,,501.7795,,S3b_gas_ocgt,low,723.8397371928571,203.61550317083388,288.57713846810947
Gas reciprocating engines (Wärtsilä 50DF/31SG class),72.0,194.4,219.6,0.06,-196.52783142025635,-196.52783142025635,-195.78064533458092,,,888.5582664401935,717.2862741157008,307.07327243554255,888.5582664401935,605.7433028788575,1.2551451120000001,0.07960078082191782,595.4089122105253,0.0,0.0,0.5633236934742919,17.992924304653382,0.7136780528261353,0.46656,0.0,216.7911404137863,,,,501.7795,,S3c_gas_engines,low,310.0542399331728,234.09758603852444,308.1215094360333
"CCGT 1+1 F-class, ~300 MW",300.0,1440.0,1545.0,0.06,-595.8006013467644,-566.6266028635437,-640.8634064691761,,,740.4686164506251,600.0401547910292,257.13805130475527,745.5957103422809,640.8885813017868,12.18267,0.15452397260273973,477.8140002665569,0.0,0.0,4.735098078545434,154.7582475039029,5.112011650130098,4.3199999999999985,53.00975825696354,1726.9008882822607,2045.0,,,501.7795,,S3d_gas_ccgt_capmarket,low,126.17964689908014,195.1818482306134,276.62441398703527
SMR CfD,300.0,11400.0,12575.0,0.05,449.40113816962514,1705.1340047161018,-2596.296611270509,0.052319662545238114,0.0581552459022278,488.21688668378664,488.21688668378664,304.1660616671696,521.6220980836903,533.5771407713926,143.769592122,0.9117807719558598,387.42504884140044,15881.9830857916,5501.489988458565,0.0,4740.477527414894,78.83322154024823,22.8,6338.366019672476,0.0,2050.0,,,545.4125,483.3916060216895,S1a_smr_cfd,central,-14.317045273922169,-115.13349972342098,-209.96793365277685
SMR fixed price,300.0,11400.0,12575.0,0.05,-895.5649621783209,144.82598566290656,-3687.468495117364,0.045575874951803555,0.0506634993468025,479.6095140527089,479.6095140527089,298.5928360967516,506.77904602875157,483.3916060216893,147.76092,0.937093607305936,483.39160602168937,0.0,0.0,0.0,4749.934685937088,78.99084084895146,22.8,6370.452807515634,0.0,2052.0,,,545.4125,483.3916060216895,S1b_smr_fixed_spotavg,central,27.42867650932776,224.75532526529594,409.88427639893973
SMR merchant baseload,300.0,11400.0,12575.0,0.07,-5994.605284227461,-5680.088253550547,-5994.605284227461,0.02713635242586022,0.03159729954222052,601.2304774512681,601.2304774512681,419.2483512843142,613.1826559949186,385.37752728187974,147.76092,0.937093607305936,380.6447212349121,0.0,0.0,0.0,4030.129531292119,66.9940882715353,22.8,3928.256747113058,0.0,2061.0,,,545.4125,483.3916060216895,S1c_smr_merchant_baseload,central,265.13205495514353,2171.356192205585,3346.9862481567156
SMR dynamic (50–100 %),300.0,11400.0,12575.0,0.07,-6015.118463722387,-5702.250986486903,-6015.118463722387,0.026982354489635384,0.03143855311314759,629.9877838250151,629.9877838250151,441.19314116662815,642.4996103511535,401.9500990460168,140.286714282,0.889692505593607,397.408824020954,0.0,0.0,0.0,4025.9645428383865,66.92467179730643,22.8,3914.1255362878956,0.0,2062.0,,,545.4125,483.3916060216895,S2_smr_dynamic,central,279.9006337379009,2178.288414508687,3357.671760188751
"CCGT 1+1 F-class, ~300 MW",300.0,1860.0,1965.0,0.07,-1737.48625854225,-1737.48625854225,-1737.48625854225,,,962.4554618348819,749.0008301184378,349.6551996204232,962.4554618348819,633.1719189577237,13.5541545,0.1719197678843227,639.2732558506023,0.0,0.0,5.1238562938596,183.26264600796816,6.062158266932271,5.580000000000003,0.0,2991.771089204883,,,,545.4125,,S3a_gas_ccgt,central,372.266539051764,646.3982566764321,880.682731912565
OCGT frame peaker,300.0,1020.0,1125.0,0.07,-1009.5371618187902,-1009.5371618187902,-1009.5371618187902,,,1867.0445420705244,1552.9947122904593,869.2996240081453,1867.0445420705244,1060.5847722758128,2.938065,0.03726617199391172,961.1765240006902,0.0,0.0,1.5592256860000016,81.93048220398407,2.689079133466136,2.447999999999999,0.0,952.4418134260459,,,,545.4125,,S3b_gas_ocgt,central,898.823564315967,323.4063232516152,440.62365784133345
Gas reciprocating engines (Wärtsilä 50DF/31SG class),72.0,273.6,298.8,0.07,-224.22243289177715,-223.8583297349338,-224.22243289177715,,,1102.1133502546516,848.7393099081577,393.8949403666454,1102.6095627330344,797.0314125766455,1.5225156,0.09655730593607305,765.5842320236603,0.0,0.0,0.6406778876657242,29.29962007295065,1.159906964198026,0.65664,1.7904698573631534,397.3837366876533,,,,545.4125,,S3c_gas_engines,central,346.8001930488544,324.5163612613802,415.21894108160365
"CCGT 1+1 F-class, ~300 MW",300.0,1860.0,1965.0,0.07,-924.5477920446834,-910.5828646584076,-924.5477920446834,,,963.2429614411501,749.788329724706,349.6551996204232,965.8895554750121,790.6718402113813,13.5541545,0.1719197678843227,639.2732558506023,0.0,0.0,5.1238562938596,191.44138870362318,6.334783023454106,5.580000000000003,27.749305574543886,2991.771089204883,,,,545.4125,,S3d_gas_ccgt_capmarket,central,214.86882439441672,372.91867629135277,508.08156616345104
SMR CfD,300.0,16500.0,18300.0,0.065,-8387.716047377191,-7905.822304912908,-8826.519532022789,0.02434008622213941,0.02874542182193421,934.0945788570054,934.0945788570054,619.6157460630143,953.0406305270446,623.2706260140604,138.13154292,0.8760244984779298,523.5556642539774,7310.363507954921,2053.9397958964314,0.0,9606.397703624722,159.87871024157144,66.0,4898.259163629946,0.0,2061.0,,,589.0455,483.3916060216895,S1a_smr_cfd,high,383.29422777889926,2961.3910084657136,4734.665261013259
SMR fixed price,300.0,16500.0,18300.0,0.065,-10542.686357635232,-10265.078709546726,-10812.421866404075,0.011624677593993724,0.01552621967525589,907.2911685124816,907.2911685124816,602.077242840564,917.896606860001,515.1346118176745,143.48052,0.9099474885844749,483.3916060216896,0.0,0.0,0.0,9166.897073078759,152.55369973247207,66.0,3407.0963099918577,0.0,2075.0,,,589.0455,483.3916060216895,S1b_smr_fixed_spotavg,high,463.0389987231394,3681.800367553541,5886.454118489779
SMR merchant baseload,300.0,16500.0,18300.0,0.085,-11061.732844705437,-10871.593904788624,-10389.153502460651,0.016038209038154113,0.02015355012573864,1125.1865159924778,1125.1865159924778,816.1715006493313,1135.4584340333358,537.8679919050904,143.48052,0.9099474885844749,513.0543549400588,0.0,0.0,0.0,9383.548684540274,156.1645599234973,66.0,4142.164277450565,0.0,2070.0,,,589.0455,483.3916060216895,S1c_smr_merchant_baseload,high,698.9243304783782,5553.312618803233,7808.549762301316
SMR dynamic (50–100 %),300.0,16500.0,18300.0,0.085,-11164.928987230443,-10981.33919480084,-10519.661193823049,0.015124903779226834,0.019218480688440225,1191.0996758332099,1191.0996758332099,865.86134691774,1201.621618593116,561.7344975969763,135.23090657999998,0.8576287834855402,535.3725015799852,0.0,0.0,0.0,9348.16040414672,155.57475525027147,66.0,4022.0968975438745,0.0,2071.0,,,589.0455,483.3916060216895,S2_smr_dynamic,high,747.7939985039228,5600.662809410576,7875.129179847519
"CCGT 1+1 F-class, ~300 MW",300.0,2550.0,2655.0,0.085,-2312.5144488870196,-2309.832893000091,-2312.4546615432064,,,1474.8519843723375,1184.5577367201201,675.1498856228475,1475.5874986184076,841.2962911556779,14.18445,0.17991438356164383,838.1304447710954,0.0,0.0,5.139932342666592,264.63297171523624,8.774502457174544,7.650000000000002,29.39179158221519,4360.250216064179,,,,589.0455,,S3a_gas_ccgt,high,731.1188422114824,1145.7806565546248,1482.8004540494085
OCGT frame peaker,300.0,1740.0,1845.0,0.085,-1515.6798939296311,-1510.3481551057123,-1482.577025932422,,,2868.69154082757,2461.589482298785,1635.0800698336495,2873.6092766637853,1475.6200696211286,3.579882,0.04540692541856925,1200.5071699135835,0.0,0.0,1.7286418095348848,152.86812795801862,5.053667325267287,4.176,46.80074848889495,1537.8952221257475,,,,589.0455,,S3b_gas_ocgt,high,1602.2407947158165,634.2955883032913,820.867223545083
Gas reciprocating engines (Wärtsilä 50DF/31SG class),72.0,360.0,385.2,0.085,-261.65072979452754,-259.66261256516594,-248.241767470616,-0.02559998797496193,-0.021774277275938263,1605.5525130998983,1257.6091868781466,674.3551924402994,1609.1749271607443,1132.4388128911241,1.4517151920000002,0.09206717351598173,1006.1352697521427,0.0,0.0,0.5867095039200088,46.463219637617335,1.8464509467846932,0.8639999999999999,12.444147609849976,531.3829591371032,,,,589.0455,,S3c_gas_engines,high,552.6410456660382,446.61747448785553,550.414044370221
"CCGT 1+1 F-class, ~300 MW",300.0,2550.0,2655.0,0.085,-1648.2592392815593,-1643.382318923884,-1542.5440274762545,,,1475.7705688582544,1185.476321206037,675.1498856228475,1477.1082416688428,1025.0131883390472,14.18445,0.17991438356164383,838.1304447710954,0.0,0.0,5.139932342666592,267.94657870185927,8.88495602339531,7.650000000000002,40.63438671540044,4360.250216064179,,,,589.0455,,S3d_gas_ccgt_capmarket,high,547.4019793780702,857.86682919274,1110.1996848733472
SMR CfD,285.0,7980.0,8790.0,0.05,4439.459754631183,6206.900103240487,1106.2518469097536,0.07989312111178645,0.08873321303311202,333.0447477960766,333.0447477960766,212.2067286772481,378.9220372980006,494.1566931977662,140.4217287,0.9374197488584475,387.38680588015944,11374.332242495748,4111.641920585996,0.0,3082.26312453649,51.21220003015362,6.384000000000001,7629.833426030278,0.0,2045.0,,,,,S1a_smr_cfd,smr-low/market-central,-140.8173848161987,-1163.6594194822537,-2122.1552751477393
SMR dynamic (50–100 %),285.0,7980.0,8790.0,0.07,-1279.0635380793638,-675.0292090808134,-1279.0635380793638,0.058112285456568324,0.06414000315558514,427.07580177727397,427.07580177727397,303.82845147570316,450.1466125792768,401.29337448651245,137.30414647499998,0.916607562785388,396.6626265334604,0.0,0.0,0.0,2469.114432915199,40.99305516979877,6.384000000000001,5549.507508029468,0.0,2049.0,,,,,S2_smr_dynamic,smr-low/market-central,59.469471744393815,476.59240263673723,734.6322189455401
SMR merchant baseload,285.0,7980.0,8790.0,0.07,-1351.4925874734763,-760.0400744971012,-1351.4925874734763,0.057414240644245156,0.06338764769428212,413.29377180194894,413.29377180194894,292.81533402677803,435.0651786310482,385.31664548114793,142.54498439999998,0.9515940639269406,380.6035768999906,0.0,0.0,0.0,2444.8478513799473,40.58861214421124,6.384000000000001,5467.174463534863,0.0,2049.0,,,,,S1c_smr_merchant_baseload,smr-low/market-central,60.458852274043615,502.7567774062701,774.9626828554216
SMR CfD,285.0,7980.0,8790.0,0.05,5724.845943823841,7793.796633107965,1973.2392438041443,0.08728236177949683,0.09720968272401244,335.6664172004549,335.6664172004549,213.99863366368416,389.82346423586677,539.6775678913926,139.57240305000002,0.9317498668188737,525.4861722345505,-824.7691594870521,-115.4605518328511,0.0,3561.7523255586266,59.203686713855895,6.384000000000001,9256.671786641096,0.0,2044.0,,,,,S1a_smr_cfd,smr-low/market-high,-183.92912640140733,-1507.3202307805927,-2748.886422894397
SMR dynamic (50–100 %),285.0,7980.0,8790.0,0.07,2045.3168714788053,3399.2752334946736,2045.3168714788053,0.08758377827190136,0.0973665974028419,427.1091329625618,427.1091329625618,303.23075049588476,478.7212110374735,556.687459498415,137.6469003,0.918895700152207,533.7928181580565,0.0,0.0,0.0,3620.112924689868,60.176363366043255,6.384000000000001,9454.680962264953,0.0,2044.0,,,,,S2_smr_dynamic,smr-low/market-high,-96.73817319945796,-776.9817149045537,-1197.6603028972509
SMR merchant baseload,285.0,7980.0,8790.0,0.07,1964.767015401134,3299.8309667321164,1964.767015401134,0.0869237881781084,0.09661517558945598,414.0447473115259,414.0447473115259,292.81533402677803,463.1885412587714,535.5117473965425,142.54498439999998,0.9515940639269406,513.2853922527204,0.0,0.0,0.0,3590.0067095739923,59.674593114111985,6.384000000000001,9352.53487526466,0.0,2044.0,,,,,S1c_smr_merchant_baseload,smr-low/market-high,-89.73642026746334,-746.3804763285749,-1150.490738982301
SMR CfD,300.0,11400.0,12575.0,0.05,155.1738791809479,1342.2934730670906,-2708.5618520436947,0.05084430308072838,0.05677586714843558,487.53035050849905,487.53035050849905,303.7177028089236,519.0637496668879,523.1856257578638,143.68529744399999,0.9112461786149164,286.22920080561784,25557.868693276956,8911.561514663983,0.0,4468.300791015763,74.29694260026272,22.8,5414.909235461137,0.0,2050.0,,,,,S1a_smr_cfd,smr-central/market-low,-4.944143213288582,-39.77642241079538,-72.53990577683928
SMR dynamic (50–100 %),300.0,11400.0,12575.0,0.07,-8383.713434718962,-8281.075708334301,-8383.713434718962,0.0029444313234618037,0.00658728735625743,632.8801045408494,632.8801045408494,443.9296081057195,637.0101295007142,299.6590699889507,139.41702036599997,0.8841769429604261,295.0241930260746,0.0,0.0,0.0,3374.532522039679,56.06747145066132,22.8,1703.9097514351363,0.0,2089.0,,,,,S2_smr_dynamic,smr-central/market-low,385.92715439909773,2984.9122253575806,4601.023179010871
SMR merchant baseload,300.0,11400.0,12575.0,0.07,-8388.207741316166,-8286.151024057392,-8388.207741316166,0.002838904196926934,0.0064785809282717375,600.7328151988361,600.7328151988361,419.2483512843142,604.6111428799492,285.8450767955001,147.76092,0.937093607305936,281.1456854824379,0.0,0.0,0.0,3371.9617346769264,56.024624994615436,22.8,1695.1874371686533,0.0,2089.0,,,,,S1c_smr_merchant_baseload,smr-central/market-low,364.66455363548,2986.499720162939,4603.470185771727
SMR CfD,300.0,11400.0,12575.0,0.05,1790.9570080383094,3276.2700569608596,-1688.9746349082625,0.05884183593745429,0.06496532880995629,491.1928069860144,491.1928069860144,306.1744309866659,530.9662442197339,578.924158680375,143.06429202,0.9073077880517504,525.0747342898186,3352.177502689212,1367.0198204081394,0.0,5207.672715087693,86.61980800146156,22.8,7923.492549276615,0.0,2048.0,,,,,S1a_smr_cfd,smr-central/market-high,-56.89994559679914,-454.68101551643105,-829.1977011770673
SMR dynamic (50–100 %),300.0,11400.0,12575.0,0.07,-2539.72227822507,-1776.0573472598376,-2539.72227822507,0.053365972427679306,0.059114790542237304,630.3056191716788,630.3056191716788,440.88553599415957,660.8239123256021,559.3291521583953,140.494950102,0.8910131285007612,535.4777320072361,0.0,0.0,0.0,5067.282003657036,84.27996281095061,22.8,7447.1669212083125,0.0,2049.0,,,,,S2_smr_dynamic,smr-central/market-high,122.01471177741365,950.2981725853091,1464.8149054074415
SMR merchant baseload,300.0,11400.0,12575.0,0.07,-2504.444872121304,-1734.7063767500665,-2504.444872121304,0.053608133980991506,0.05937618648589776,601.9839004515632,601.9839004515632,419.2483512843142,631.2352637522953,536.0621273408912,147.76092,0.937093607305936,513.3332675758795,0.0,0.0,0.0,5079.274154773082,84.47983199621804,22.8,7487.854576780613,0.0,2049.0,,,,,S1c_smr_merchant_baseload,smr-central/market-high,114.44736053733803,937.3631733883158,1444.8765532440966
SMR CfD,300.0,16500.0,18300.0,0.05,-8137.798917022693,-7566.487275591659,-9818.677806023139,,,782.439696951324,782.439696951324,471.9504426246091,798.9962967212937,563.1630493186123,138.09358457999997,0.8757837682648401,286.55772147395794,28713.3342456382,9548.075604022977,0.0,8963.850413430268,149.16958873833053,66.0,2718.1880004702034,0.0,2064.0,,,,,S1a_smr_cfd,smr-high/market-low,270.7095394962015,2098.6975619043,3827.375972186536
SMR dynamic (50–100 %),300.0,16500.0,18300.0,0.07,-16094.313488544356,-16094.313488544356,-16094.313488544356,,,1024.3433642294176,1024.3433642294176,700.9673370743897,1024.3433642294176,300.7895001132322,133.46562768,0.8464334581430746,296.2551582124941,0.0,0.0,0.0,8162.700265923262,135.81708627988047,66.0,0.0,0.0,,,,,,S2_smr_dynamic,smr-high/market-low,810.9574356922983,6006.9710893768915,9259.30517590356
SMR merchant baseload,300.0,16500.0,18300.0,0.07,-16051.709890627004,-16051.709890627004,-16051.709890627004,,,958.0711290570518,958.0711290570518,653.0725540310586,958.0711290570518,285.73977703212086,143.48052,0.9099474885844749,281.0232860558129,0.0,0.0,0.0,8162.700265923262,135.81708627988047,66.0,0.0,0.0,,,,,,S1c_smr_merchant_baseload,smr-high/market-low,753.7539663749584,5992.712414386909,9237.326474629343
SMR CfD,300.0,16500.0,18300.0,0.05,-7860.47810909468,-7234.013738365574,-9714.784382707463,0.01654076109737242,0.020961155680762008,783.3652499773212,783.3652499773212,472.5470500847009,801.5431249364009,573.458664172244,138.19675212,0.8764380525114155,387.99478421577396,19382.00448632805,6417.344703179142,0.0,9195.532188545592,153.03095165691929,66.0,3504.2511660400437,0.0,2064.0,,,,,S1a_smr_cfd,smr-high/market-central,261.6802667931774,2026.0081850649892,3694.81300580297
SMR dynamic (50–100 %),300.0,16500.0,18300.0,0.07,-13824.56538397496,-13772.377888633546,-13824.56538397496,-0.014971164881031252,-0.011775014278019778,1020.419072517756,1020.419072517756,697.6364743611066,1022.7541229340053,404.19488871261524,134.17250364,0.8509164360730594,399.65474887539284,0.0,0.0,0.0,8502.52064004213,141.4807591818616,66.0,1152.9619836175839,0.0,,,,,,S2_smr_dynamic,smr-high/market-central,702.6903657476106,5229.860076594026,8061.445569814057
SMR merchant baseload,300.0,16500.0,18300.0,0.07,-13744.739884170916,-13688.917427336404,-13744.739884170916,-0.014061747785801187,-0.01083698788923897,958.5684474965175,958.5684474965175,653.0725540310586,960.9065901699541,385.2034649252293,143.48052,0.9099474885844749,380.44672138396237,0.0,0.0,0.0,8518.89673837903,141.75369415414326,66.0,1208.5237458320623,0.0,,,,,,S1c_smr_merchant_baseload,smr-high/market-central,654.2902813826857,5201.927328042128,8018.389287472162
